number_of_pairs,percent_allocated,mean_time_to_first_solution_s,median_time_to_first_solution_s,shortest_time_s,longest_time_s,avg_across_x_runs,dataset
1,4,INFEASIBLE,INFEASIBLE,INFEASIBLE,INFEASIBLE,INFEASIBLE,synthetic_50
2,8,INFEASIBLE,INFEASIBLE,INFEASIBLE,INFEASIBLE,INFEASIBLE,synthetic_50
3,12,3.121412,3.0984,2.5378,4.02336,10,synthetic_50
4,16,4.376133,3.2593,2.80384,9.91407,10,synthetic_50
5,20,7.468587,5.98282,3.62031,23.47774,10,synthetic_50
6,24,7.7126733,7.40854,5.44505,14.37825,10,synthetic_50
7,28,34.198786,35.404405,7.30992,69.07445,10,synthetic_50
8,32,53.429161,53.58923,40.21406,63.75871,10,synthetic_50
9,36,10.25506,10.04875,8.20046,11.97634,10,synthetic_50
10,40,68.338956,57.341475,22.31584,121.919,10,synthetic_50
11,44,111.88372,91.83024,30.10382,207.09597,10,synthetic_50
12,48,24.822423,18.474215,9.78589,44.97859,10,synthetic_50
13,52,29.256009,29.36498,22.87657,33.37478,10,synthetic_50
14,56,36.54632,39.89924,28.60711,41.13261,3,synthetic_50
15,60,83.4651533,76.19946,37.06493,137.13107,3,synthetic_50
16,64,85.11251667,79.79216,22.91973,152.62566,3,synthetic_50
17,68,85.54725,62.3689,59.12219,135.15066,3,synthetic_50
18,72,153.2607833,161.99201,48.94448,248.84586,3,synthetic_50
19,76,175.4885333,153.23773,40.6653,332.56257,3,synthetic_50
20,80,164.339707,131.77335,109.28456,251.96121,3,synthetic_50
21,84,181.35167,181.06206,159.16552,203.82743,3,synthetic_50
22,88,300.1393,286.47686,130.71153,483.22951,3,synthetic_50
23,92,INFEASIBLE,INFEASIBLE,INFEASIBLE,INFEASIBLE,INFEASIBLE,synthetic_50
24,96,INFEASIBLE,INFEASIBLE,INFEASIBLE,INFEASIBLE,INFEASIBLE,synthetic_50
25,100,INFEASIBLE,INFEASIBLE,INFEASIBLE,INFEASIBLE,INFEASIBLE,synthetic_50

